country_code,country_name,population,total_cases,total_deaths,total_vaccinations,vaccinated_1dose,fully_vacccinated,first_vaccine_date,last_updated_date,stringency_index,urbanisation_rate,urbanisation_yearly_change,gdp_per_cap,density,tavg,prcp,Infection_Rate_per_100,Deaths_per_10000,total_vaccinations_per_100
USA,United States of America,334998398,43792254,703599,407615184,229155687,186883154,2020-12-14,2021-10-08,93.52,82.9,0.96,62530,34.07,10.465130621916195,2.9928506898665512,13.07,21,123
IND,India,1339330514,33971607,450782,915465826,663807388,251658438,2021-01-16,2021-10-05,100,35.4,2.33,6700,407.43,26.987921936264428,11.186954073835471,2.54,3.37,66
BRA,Brazil,213445417,21516967,599359,235087603,147951632,91654941,2021-01-17,2021-10-08,96.76,87.3,0.87,14652,25.06,24.467521206408996,6.0399091152098245,10.08,28.08,111
GBR,The United Kingdom,67081000,8154310,137735,93948903,48956859,44877400,2020-12-21,2021-10-05,87.96,84.2,0.8,46659,275.36,10.143019062339055,2.3482624649254245,12.16,20.53,138
RUS,Russian Federation,142320790,7804774,217372,91151285,48610971,42539895,NA,2021-10-06,87.04,74.9,0.11,27044,8.32,2.0074819390339225,1.6211117551485135,5.48,15.27,62
TUR,Turkey,82482383,7444552,66180,110333793,54038516,45664544,NA,2021-10-06,87.04,76.6,1.11,28424,105.27,17.04655245049862,2.675625958099168,9.03,8.02,131
FRA,France,68084217,6839116,114752,99778835,53175914,46602921,2020-12-30,2021-10-03,87.96,81.2,0.67,46184,105.75,13.121910407049839,1.936870270270505,10.05,16.85,148
IRN,Iran (Islamic Republic of),85888910,5702890,122592,57676540,40961153,16715387,2021-02-09,2021-10-03,81.48,76.3,1.32,12389,52.11,21.76891395592859,0.3527171017581273,6.64,14.27,69
ARG,Argentina,45864941,5263219,115379,53660061,30172069,23562958,2020-12-29,2021-10-08,100,92.2,0.97,22064,16.5,15.66605890603083,6.173855488141221,11.48,25.16,119
ESP,Spain,47260584,4971311,86701,69873431,37665050,32208381,2020-12-30,2021-10-03,85.19,81.1,0.24,40903,93.52,16.945987961514703,1.5137821818017416,10.52,18.35,148
COL,Colombia,50355650,4965847,126487,42039612,27422661,17865559,2021-02-17,2021-10-08,90.74,81.7,1.01,14722,44.21,NA,NA,9.86,25.12,83
ITA,Italy,62390364,4700316,131301,84477425,45153691,39321065,2020-12-23,2021-10-03,90.74,71.3,0.27,42492,207.04,15.492707853788742,1.3125481231953566,7.53,21.05,142
DEU,Germany,79903481,4313384,94209,107263138,56684338,50578800,2020-12-23,2021-10-03,85.19,77.5,0.13,53919,223.81,11.382240392477575,1.9819343507752594,5.4,11.79,129
IDN,Indonesia,275122131,4228552,142716,149307298,95313545,53993753,2021-01-13,2021-10-05,80.09,57.3,1.99,11812,144.45,27.135059835452754,15.029919137466313,1.54,5.19,55
MEX,Mexico,130207371,3699621,280610,105320232,65879194,46986802,2020-12-24,2021-10-08,82.41,81,1.4,19796,66.28,23.898836237381868,2.402958311265842,2.84,21.55,82
POL,Poland,38185913,2923304,75869,35982751,19181203,16723811,2020-12-23,2021-10-03,87.04,60.1,-0.16,33221,122.12,10.107132075471705,2.591371045062325,7.66,19.87,95
ZAF,South Africa,56978635,2912145,88317,17815485,8783265,9032220,2021-02-17,2021-10-08,87.96,67.8,1.72,12482,46.74,15.954569780081874,4.589043258604247,5.11,15.5,30
PHL,Philippines,110818325,2666562,39624,45601096,27836530,21358676,2021-03-01,2021-09-30,100,47.7,2.04,8908,369.39,27.248590947907694,10.573148549155535,2.41,3.58,42
UKR,Ukraine,43745640,2550089,58700,12955793,7238213,5717580,2021-02-24,2021-10-03,88.89,69.8,-0.27,12810,72.48,12.032387757278416,4.428423326133859,5.83,13.42,30
MYS,Malaysia,33519406,2339594,27329,43462346,23540977,20255398,2021-02-24,2021-10-01,80.56,77.7,1.87,28364,101.62,27.322864620509126,8.538090881366351,6.98,8.15,134
PER,Peru,32201224,2181183,199559,28869688,16575552,12294136,2021-02-09,2021-10-08,96.3,78.3,1.33,12848,25.06,21.805298129043425,6.478914728682187,6.77,61.97,88
IRQ,Iraq,39650145,2023761,22563,7608508,4676216,2932292,2021-03-02,2021-09-26,96.3,71.1,2.91,10881,90.46,28.87688442211054,0.16879432624113475,5.1,5.69,19
NLD,Netherlands,17337403,2023691,18204,22425859,12195486,10230373,2021-01-06,2021-10-03,82.41,92.6,0.59,56935,417.34,11.273564954682785,1.9012894428363623,11.67,10.5,129
THA,Thailand,69480520,1720919,17751,55101803,33505887,21595916,2021-02-28,2021-10-05,76.85,52.2,1.43,18460,135.41,28.262358887952725,9.406374119154844,2.48,2.55,79
JPN,Japan,124687293,1710973,17941,164859014,89154655,75704359,2021-02-17,2021-09-30,55.09,91.9,-0.25,41429,329.93,16.73802079322311,6.534532847151483,1.37,1.44,130
CZE,Czechia,10702596,1700078,30504,11821431,6087371,5734058,2020-12-23,2021-10-03,82.41,74.2,0.2,40862,135.7,9.15392795883361,3.1341272662637167,15.88,28.5,110
CHL,Chile,18307925,1659386,37533,33194071,15848547,14207498,2020-12-21,2021-10-08,87.5,87.8,0.78,24226,24.21,13.239527960875991,1.3578514339445138,9.06,20.5,174
CAN,Canada,37943231,1647153,28112,56272939,29091447,27187246,2020-12-14,2021-10-08,90.74,81.7,0.95,49031,3.8,5.714755645712324,2.0914762964675133,4.34,7.41,149
BGD,Bangladesh,164098818,1562958,27699,52443572,34976007,17467565,2021-01-27,2021-10-05,93.52,38.9,2.88,4754,1105.34,24.96075388026608,0,0.95,1.69,32
ROU,Romania,21230362,1365788,39629,10107562,5505347,4602215,2021-01-27,2021-09-26,87.04,54.3,-0.15,29941,89.06,11.96814016172507,2.181590656284738,6.43,18.67,52
ISR,Israel,8787045,1306035,7920,11814386,6146329,5668057,2020-12-16,2021-10-03,94.44,92.7,1.51,41953,400.56,22.267019667170967,1.1897959183673463,14.86,9.01,136
BEL,Belgium,11778842,1261102,25675,16642782,8597464,8045318,2020-12-30,2021-10-03,81.48,98.1,0.38,51934,385.84,11.743396226415092,2.971482889733837,10.71,21.8,144
PAK,Pakistan,238181034,1257955,28106,85084351,30058659,30643722,2021-02-03,2021-10-04,96.3,37.4,2.1,4690,299.19,25.307608005082336,4.769159142212192,0.53,1.18,39
SWE,Sweden,10261767,1157822,14905,13319778,6899168,6420610,2020-12-23,2021-10-03,69.44,88.2,0.89,53240,22.79,7.0276708191770645,1.4231181742495713,11.28,14.52,129
PRT,Portugal,10263850,1075312,18041,16042366,8957752,7082109,2020-12-23,2021-10-03,87.96,66.8,0.44,34894,111.45,17.856850665352358,3.212646608873007,10.48,17.58,156
SRB,Serbia,6974289,1005168,8737,6043997,3085630,2958367,2020-12-23,2021-10-03,100,56.7,0.04,18233,90.02,14.77835443037976,1.7838254172015415,14.41,12.53,87
KAZ,Kazakhstan,19245793,982888,16473,13742340,6787635,6954705,2021-04-28,2021-10-03,92.13,57.8,1.19,26351,7.06,10.801846222288109,12.85333333333333,5.11,8.56,73
MAR,Morocco,36561813,939187,14457,43122611,23023859,20098752,2021-01-28,2021-10-09,93.52,64.1,1.88,7515,51.02,19.620953294945643,1.1964425162689953,2.57,3.95,117
CUB,Cuba,11032343,907941,7742,22116160,9571923,6938192,NA,2021-10-08,100,77.3,0.19,12300,99.52,27.39402985074628,5.454545454545456,8.23,7.02,195
CHE,Switzerland,8453550,844851,10684,10615304,5550003,5065301,2020-12-23,2021-10-03,73.15,74,0.79,68628,204.8,9.216407236011765,4.530155544405402,9.99,12.64,123
VNM,Viet Nam,102789598,839662,20555,42888157,33069709,9818448,2021-03-08,2021-10-01,96.3,38.1,2.7,8041,310.35,26.407007575757675,5.628885245901595,0.82,2,44
JOR,Jordan,10909567,833471,10811,7137487,3776430,3361057,2021-01-13,2021-10-09,100,91.6,0.98,10071,122.11,23.814734299516914,1.4423076923076914,7.64,9.91,70
HUN,Hungary,9728337,829456,30303,11305529,5840528,5465001,2020-12-23,2021-10-03,79.63,72.2,0.05,32945,104.57,13.274242424242432,1.7010752688172115,8.53,31.15,116
NPL,Nepal,30424878,802861,11243,14322751,7913555,6409196,2021-01-27,2021-10-05,97.22,21,3.09,3417,206.72,20.8378151260504,5.297858672376883,2.64,3.7,49
AUT,Austria,8884864,757583,10853,10874820,5752235,5122585,2020-12-30,2021-10-03,82.41,59,0.68,56188,105.93,9.044439781787677,9.514210526315814,8.53,12.22,122
ARE,United Arab Emirates,9856612,737766,2113,20475211,NA,NA,2020-12-14,2021-10-10,89.81,87.3,1.5,67119,117.9,30.60947867298582,0,7.48,2.14,207
TUN,Tunisia,11811335,709834,25028,8281311,5172620,3956254,2021-03-13,2021-10-05,90.74,69.9,1.34,10756,72.19,22.173181818181835,0.4585040071237745,6.01,21.19,70
GRC,Greece,10569703,676799,15135,12120544,6412477,5708067,2020-12-23,2021-10-03,88.89,80,0.11,29799,80.1,19.630959634424944,0.9884251290877843,6.4,14.32,113
GEO,Georgia,4933674,635583,9269,1733693,954748,778945,2021-03-17,2021-10-03,100,59.9,0.35,14992,70.78,15.382858358145487,2.023102310231029,12.88,18.79,44
LBN,Lebanon,5261372,630180,8385,3152301,1724151,1428150,2021-02-14,2021-10-04,92.59,89.1,-1.23,14552,505.9,20.846685878962525,2.586854460093896,11.98,15.94,46
GTM,Guatemala,17422821,574713,13902,7392283,4722177,2670106,2021-02-25,2021-10-08,96.3,52.2,2.59,8637,160.01,NA,NA,3.3,7.98,41
BLR,Belarus,9441842,557772,4289,3862369,2234696,1627673,2021-02-03,2021-10-03,43.52,79.9,0.28,19150,45.48,7.59374880519978,4.40473537604461,5.91,4.54,41
SAU,Saudi Arabia,34783757,547591,8745,43482638,23660305,19822333,2021-01-06,2021-10-07,94.44,84.5,1.69,46962,16.18,27.727089572556544,11.81111111111111,1.57,2.51,125
CRI,Costa Rica,5151140,541036,6553,5760293,3470013,2290280,2020-12-24,2021-10-08,81.48,81.4,1.5,19642,100.81,25.748792884371024,12.124714828897346,10.5,12.72,113
LKA,Sri Lanka,23044123,526383,13331,26582559,14615232,11967327,2021-01-29,2021-10-05,100,18.9,1.22,13078,351.23,26.149904519414378,4.063618925831185,2.28,5.78,124
BGR,Bulgaria,6919180,520862,21656,2549465,1407830,1141635,2020-12-30,2021-10-03,73.15,76,-0.28,23174,62.4,13.981309297912711,1.849377990430627,7.53,31.3,37
ECU,Ecuador,17093159,511317,32819,20841350,11303434,9907288,2021-01-21,2021-10-01,93.52,64.4,1.62,11375,60.28,20.952550415183875,6.349662921348343,2.99,19.2,118
BOL,Bolivia (Plurinational State of),11758869,502550,18775,6931689,4357421,3465762,2021-01-30,2021-10-08,96.3,70.5,1.87,8724,10.7,23.18724100327154,8.815384615384604,4.27,15.97,59
AZE,Azerbaijan,10282283,492179,6664,8397223,4711610,3685613,2021-01-20,2021-10-03,96.3,56.8,1.38,14404,118.73,17.32671306209851,10.952196721311385,4.79,6.48,83
MMR,Myanmar,57069099,479848,18162,12263702,8390746,3872956,2021-01-27,2021-10-02,86.11,31.4,1.85,5142,84.35,28.476781425140118,17.66826722338206,0.84,3.18,23
PAN,Panama,3928646,468325,7255,5597294,3004816,2588582,2021-01-20,2021-10-08,93.52,68.8,1.92,31459,52.09,NA,NA,11.92,18.47,130
PRY,Paraguay,7272639,460113,16205,4836914,2838640,1998274,2021-02-22,2021-10-08,94.44,62.5,1.64,12685,17.88,22.04140191628852,8.53395348837205,6.33,22.28,68
PSE,"occupied Palestinian territory, including east Jerusalem",1957062,443766,4504,NA,NA,NA,NA,NA,96.3,77,2.85,6220,5436.28,NA,NA,22.68,23.01,NA
SVK,Slovakia,5436066,425971,12735,4581618,2363966,2217652,2021-01-06,2021-10-03,87.04,53.8,0.17,32730,110.86,11.121893939393926,2.6744548286604513,7.84,23.43,84
HRV,Croatia,4208973,418028,8778,3449420,1826424,1618805,2020-12-23,2021-10-03,96.3,57.9,0.05,28602,74.37,16.01160151324084,2.3661290322580664,9.93,20.86,85
KWT,Kuwait,3032065,412079,2454,2380000,NA,NA,2020-12-28,2021-08-04,100,100,1.35,49854,170.17,29.547713226205225,0.41874999999999984,13.59,8.09,56
IRL,Ireland,5224884,403157,5280,7233935,3774629,3459306,2020-12-30,2021-10-03,90.74,63.9,1.15,86781,74.35,10.633123689727464,3.151943244910543,7.72,10.11,146
URY,Uruguay,3398239,389505,6062,6375568,2741223,2592978,2021-02-27,2021-10-08,87.04,95.6,0.4,21561,19.28,17.675499787324572,3.5594813614262466,11.46,17.84,184
VEN,Venezuela (Bolivarian Republic of),29069153,377833,4558,16127242,9926613,6190629,2021-02-22,2021-10-08,97.22,88.3,1.16,7704,31.87,NA,NA,1.3,1.57,57
HND,Honduras,9346277,369030,9949,5817602,3336972,2481005,2021-02-26,2021-10-08,100,59,2.48,5728,83.38,26.552292682926883,3.2725631768953165,3.95,10.64,59
DNK,Denmark,5894687,363900,2669,8815977,4437903,4378074,2020-12-30,2021-09-26,72.22,88.2,0.54,57804,136.79,9.25224358974358,2.2359253499222427,6.17,4.53,151
DOM,Dominican Republic,10597348,363735,4063,12072407,6115991,4956157,2021-02-16,2021-10-08,100,83.2,1.64,18413,217.74,27.084287200832478,5.139351851851867,3.43,3.83,111
ETH,Ethiopia,110871031,354476,5990,3879071,2047358,1831713,2021-03-13,2021-10-10,80.56,22.2,4.4,2221,100.4,20.76910785619174,8.842048517520228,0.32,0.54,3
LTU,Lithuania,2711566,353289,5248,3185776,1745298,1438576,2020-12-23,2021-10-03,87.04,68.2,-0.12,37231,41.52,9.204655349794216,3.654476479514437,13.03,19.35,114
LBY,Libya,7017224,346176,4775,1689252,1424692,264560,2021-04-11,2021-10-09,100,81,1.45,15174,3.99,24.568088779284817,2.2921428571428577,4.93,6.8,25
KOR,Republic of Korea,51715162,332816,2583,65245722,39710470,26982724,2021-02-26,2021-10-04,82.41,81.4,0.31,42765,518.6,15.974827823691468,11.860457856399526,0.64,0.5,127
MNG,Mongolia,3198913,322455,1377,4692691,2251534,2130361,2021-02-23,2021-10-01,96.3,68.8,1.4,12317,2.05,4.805205047318591,6.931823085221145,10.08,4.3,143
EGY,Egypt,106437241,312413,17695,20154366,13552189,6602177,2021-01-24,2021-10-08,87.96,42.9,1.9,11763,106.28,24.49915254237289,10.297297297297298,0.29,1.66,20
MDA,Republic of Moldova,3323875,306647,7024,1409245,824986,584259,2021-03-03,2021-10-03,87.04,43,0.09,13050,98.19,11.481097229766446,7.627719298245622,9.23,21.13,35
OMN,Oman,3694755,303965,4102,6374064,3777079,2597476,2020-12-29,2021-09-27,100,87,2.32,27299,11.94,29.602788041652694,1.4853211009174283,8.23,11.1,125
SVN,Slovenia,2102106,301458,4943,1977827,1115041,862786,2020-12-23,2021-09-26,89.81,55.4,0.54,39088,103.69,6.698679245283024,3.440896686159841,14.34,23.51,94
BHR,Bahrain,1526929,275654,1390,2651709,1167980,1127864,2020-11-04,2021-10-09,78.7,89.6,1.99,45011,2009.12,29.56553030303031,0.07272727272727274,18.05,9.1,156
ARM,Armenia,3011609,272356,5549,511468,351948,159520,2021-06-16,2021-10-03,NA,63.4,0.23,13654,101.25,10.79957364341089,3.050769230769221,9.04,18.43,17
KEN,Kenya,54685051,251152,5181,4048667,3057307,991360,2021-03-05,2021-10-06,88.89,28.5,4.09,4330,94.22,24.230321852060992,5.947368421052636,0.46,0.95,8
BIH,Bosnia and Herzegovina,3824782,240952,10914,1242203,734195,508001,NA,2021-09-29,92.59,49.4,0.61,14912,74.71,13.980708661417344,2.780722891566278,6.3,28.53,38
QAT,Qatar,2479995,237424,607,4756578,2134729,1816789,2020-12-23,2021-10-09,86.11,99.3,1.66,90044,214.05,30.438636363636395,0,9.57,2.45,165
ZMB,Zambia,19077816,209347,3654,757182,319778,429062,2021-04-14,2021-10-05,70.83,45.2,4.15,3470,25.35,NA,NA,1.1,1.92,4
NGA,Nigeria,219463862,207696,2747,7273026,5030005,2243021,2021-03-05,2021-10-06,85.65,52.7,3.92,5136,237.57,27.54930693069313,15.605217391304343,0.09,0.13,4
DZA,Algeria,43576691,204597,5853,10551917,6164959,4386958,2021-01-30,2021-10-09,92.13,74.3,1.99,11511,18.3,22.938115330520365,0.7833751943547389,0.47,1.34,24
NOR,Norway,5509591,192583,871,7760988,4132504,3628484,2020-12-23,2021-09-26,79.63,83.3,1.32,63633,17.02,5.5864748972664,2.3771128735081137,3.5,1.58,145
PRI,Puerto Rico,3142779,182144,3182,4750358,2604974,2278912,NA,2021-10-08,93.52,93.6,-0.12,34518,345.21,NA,3.8532841328415968,5.8,10.12,166
BWA,Botswana,2350667,180438,2376,584504,584504,355218,2021-03-26,2021-10-09,86.11,71.6,2.47,17767,4.04,21.322723091076377,5.541481481481485,7.68,10.11,25
KGZ,Kyrgyzstan,6018789,179336,2620,1397517,800185,597332,2021-03-31,2021-10-03,92.13,37.1,2.05,5253,30.1,11.077417818008563,14.775619834710769,2.98,4.35,21
UZB,Uzbekistan,30842796,178637,1271,18432888,9820900,6223566,2021-04-28,2021-10-03,93.52,50.4,1.25,6999,68.94,18.649769503546043,5.007751937984491,0.58,0.41,55
ALB,Albania,3088385,174968,2768,1755966,947974,807992,2021-01-13,2021-10-03,89.81,63,1.29,13965,107.43,NA,NA,5.67,8.96,61
LVA,Latvia,1862687,171276,2801,1576320,878478,697842,2020-12-30,2021-09-26,69.44,68.4,-0.68,30898,28.84,10.093301997649839,2.4215892053973036,9.2,15.04,83
EST,Estonia,1220042,165345,1400,1411868,754946,656922,2020-12-23,2021-10-03,77.78,69.4,-0.03,36927,26.98,8.49291101055807,1.1189655172413868,13.55,11.48,106
AFG,Afghanistan,37466414,155509,7226,2491952,846659,1645293,2021-02-22,2021-10-10,84.26,26.3,3.34,2065,57.44,19.302188183807427,3.32,0.42,1.93,6
MOZ,Mozambique,30888034,150985,1922,3677063,1903730,1773333,2021-03-08,2021-10-08,80.56,37.6,4.24,1281,38.64,23.639025093740944,7.078828365878711,0.49,0.62,12
FIN,Finland,5587442,147297,1097,7665774,4145083,3520691,2020-12-23,2021-10-03,71.3,85.6,0.42,48668,16.52,5.36519687162892,1.4903626570915651,2.64,1.96,139
MNE,Montenegro,607414,135278,1983,434368,241044,193324,2021-02-24,2021-10-03,NA,67.8,0.45,21470,43.98,16.53369047619049,4.799835255354214,22.27,32.65,69
ZWE,Zimbabwe,14829988,131796,4637,5440757,3117895,2322862,2021-02-18,2021-10-05,87.96,32.3,2.41,2836,37.95,NA,NA,0.89,3.13,37
GHA,Ghana,32372889,128368,1158,1623582,865422,758160,2021-03-02,2021-09-20,86.11,58,3.06,5413,135.72,28.34181352130728,7.2775537634408725,0.4,0.36,5
"NAM",Namibia,2678191,128070,3524,445142,258344,193156,2021-03-19,2021-10-05,87.04,53,3.64,9637,3.25,19.68402136959687,6.594708994708998,4.78,13.16,18
AUS,Australia,25809973,127454,1432,28630736,16882622,11689936,2021-02-21,2021-10-02,78.24,86.4,1.27,49854,3.33,18.104097345132764,2.42917286559229,0.49,0.55,112
SGP,Singapore,5866139,126966,162,9235990,4594688,4490834,2020-12-30,2021-10-02,82.41,100,0.74,97341,8158.75,27.78371212121213,8.328853754940726,2.16,0.28,158
CHN,China,1397897720,125055,5695,2221558243,1154856151,1014495492,2020-07-22,2021-10-01,91.67,62.5,1.78,16117,145.66,14.290879644793876,2.7258004157998954,0.01,0.04,151
UGA,Uganda,44712143,124736,3177,2200321,1631481,568840,2021-03-10,2021-09-17,93.52,25.6,5.41,2187,185.5,NA,NA,0.28,0.71,5
CYP,Cyprus,1281506,121364,558,1115968,577922,538046,2020-12-23,2021-10-03,94.44,66.9,0.76,39545,138.53,21.977272727272723,0.267479674796748,9.47,4.35,126
KHM,Cambodia,17304363,114810,2506,22627199,11673346,11105097,2021-02-10,2021-10-01,73.15,24.7,3.06,4389,95.59,28.953787878787868,7.75,0.66,1.45,135
SLV,El Salvador,6528135,107664,3345,7891779,4173627,3544315,2021-02-17,2021-10-08,100,74.1,1.33,8776,310.26,28.268451242829798,7.645859872611467,1.65,5.12,122
RWA,Rwanda,12943132,98697,1307,3818338,2137486,1691938,2021-02-14,2021-10-08,90.74,17.6,3.07,2227,491.42,21.187937743190645,10.466972477064218,0.76,1.01,29
CMR,Cameroon,28524175,95399,1517,476512,391795,84717,2021-04-12,2021-10-06,71.3,58.1,3.43,3642,60,28.29616977225671,11.041142857142868,0.33,0.53,2
MDV,Maldives,390669,85548,234,735018,392681,342337,2021-02-01,2021-10-04,NA,41.1,2.34,19531,1310.97,29.2962121212121,0.6436734693877559,21.9,5.99,136
JAM,Jamaica,2816602,85475,1964,809234,543977,296928,2021-03-10,2021-10-08,88.89,56.7,0.79,9762,256.26,27.730871212121208,2.283030303030301,3.03,6.97,27
LUX,Luxembourg,639589,79018,836,720795,384039,336756,2020-12-30,2021-10-03,79.63,91.7,1.43,114482,247.33,10.703396226415093,3.6149350649350644,12.35,13.07,115
SEN,Senegal,16082442,73837,1868,1821218,1268640,863081,2021-02-23,2021-10-08,77.78,48.6,3.59,3395,81.75,28.916577202399793,11.750000000000004,0.46,1.16,11
MWI,Malawi,20308502,61676,2290,1167063,854224,508367,2021-03-11,2021-10-10,64.81,17.7,4.41,1060,171.4,23.561538461538458,2.4000000000000004,0.3,1.13,6
AGO,Angola,33642646,61378,1622,4074677,2863708,1210969,2021-03-10,2021-10-08,90.74,67.5,4.04,6670,26.99,24.7369863013699,12.404000000000002,0.18,0.48,12
CIV,Côte d’Ivoire,28088455,60819,666,2490820,1921801,569019,2021-03-01,2021-10-06,80.56,52.2,3.38,5213,87.11,26.704314789687924,8.647050659264346,0.22,0.24,9
COD,Democratic Republic of the Congo,105044646,57247,1087,140254,102610,37644,2021-04-19,2021-10-08,80.56,46.2,4.33,1098,44.8,24.71871101871104,10.683076923076921,0.05,0.1,0
TTO,Trinidad and Tobago,1221047,51813,1522,1121521,613170,531161,2021-02-17,2021-10-08,92.59,53.3,0.23,26176,238.11,26.67865168539325,5.095219123505972,4.24,12.46,80
FJI,Fiji,939535,51499,653,1071119,611038,460081,2021-03-07,2021-10-02,88.89,57.7,1.37,13684,51.41,25.596213425129132,7.70527256478998,5.48,6.95,119
SWZ,Eswatini,1113276,46276,1227,258552,227080,219736,2021-03-19,2021-10-10,89.81,24.4,2.42,8622,64.11,NA,NA,4.16,11.02,22
PYF,French Polynesia,297154,45359,626,296738,153575,143163,2021-01-18,2021-10-05,NA,62.1,0.65,17000,71.31,25.17535341118621,3.175065616797902,15.26,21.07,106
MDG,Madagascar,27534354,43610,960,443159,197001,246158,2021-05-10,2021-10-01,95.37,39.2,4.26,1647,46.9,24.003806934058364,9.440755310778862,0.16,0.35,2
SUR,Suriname,614749,43409,936,412588,235011,177577,2021-02-23,2021-10-08,100,66.2,0.88,16525,3.75,26.120833333333316,8.866666666666669,7.06,15.23,70
SDN,Sudan,46751152,38827,2953,1817885,458388,882375,2021-03-09,2021-10-04,87.04,35.6,3.43,3958,25.11,NA,NA,0.08,0.63,4
CPV,Cabo Verde,589451,37888,346,460484,291055,166158,2021-03-18,2021-10-09,87.96,67.1,1.83,7172,146.16,23.903549382716054,8.70526315789474,6.43,5.87,83
MLT,Malta,460891,37347,459,799046,416819,382227,2020-12-23,2021-10-03,87.04,94.8,0.28,44032,1458.52,20.627272727272707,0.35319148936170236,8.1,9.96,155
SYR,Syrian Arab Republic,20384316,36953,2341,811852,613263,321276,2021-04-01,2021-09-29,87.04,56.1,5.38,2900,108.75,22.109866392600203,6.547826086956525,0.18,1.15,5
MRT,Mauritania,4079284,36414,785,908933,326775,582158,2021-03-26,2021-10-07,77.78,56.1,3.84,5197,3.96,23.66438095238092,1.3181818181818181,0.89,1.92,20
GUY,Guyana,787971,32951,816,583394,365274,218120,2021-02-11,2021-10-08,87.04,26.9,1.01,13082,3.67,26.6639896373057,9.859550561797755,4.18,10.36,74
GAB,Gabon,2284912,32135,201,180320,120033,86340,2021-03-23,2021-10-08,84.26,90.4,2.27,14950,8.54,26.709898882384252,8.651250000000013,1.41,0.88,8
GIN,Guinea,12877894,30479,383,1916549,1286118,630431,2021-03-05,2021-10-09,80.56,37.3,3.64,2562,52.38,27.676056338028186,20.82475247524752,0.24,0.3,15
LAO,Lao People's Democratic Republic,7574356,28540,26,4213630,3018273,2126318,2020-11-25,2021-10-04,96.3,36.9,2.99,7826,31.99,28.197698882314214,11.948287112561157,0.38,0.03,58
TZA,United Republic of Tanzania,62092761,25957,723,595938,NA,560938,NA,2021-10-03,52.78,36,4.89,2660,65.55,23.73963183540879,8.726755852842807,0.04,0.12,1
TGO,Togo,8283189,25778,236,1215025,805728,409297,2021-03-10,2021-10-08,73.15,43.4,3.6,1597,145.87,27.938165345413456,8.150305810397558,0.31,0.28,15
BEN,Benin,13301694,24335,159,239496,63708,175788,2021-03-29,2021-10-05,70.83,49,3.74,3287,118.11,27.879544015199524,8.164090177133659,0.18,0.12,2
PNG,Papua New Guinea,7399757,23026,245,191925,133741,61221,2021-03-30,2021-09-29,83.8,13.5,2.91,4355,15.99,27.49076923076927,5.657894736842103,0.31,0.33,2
HTI,Haiti,11198240,22354,634,88260,63022,25579,NA,2021-10-08,93.52,58,2.47,2905,403.54,NA,NA,0.2,0.57,1
BLZ,Belize,405633,21893,426,344535,215466,144575,2021-03-01,2021-10-08,85.19,46.2,2.3,7005,17.66,27.907575757575746,3.4290196078431348,5.4,10.5,87
SYC,Seychelles,96387,21769,112,148402,77311,71091,2021-01-10,2021-09-16,93.52,58,0.99,29223,211.84,27.317045454545447,5.819123505976099,22.58,11.62,151
BHS,Bahamas,352655,21518,586,207784,124207,88265,2021-03-14,2021-10-01,96.3,83.4,1.02,37101,25.41,26.054166666666653,2.45243798118049,6.1,16.62,53
LSO,Lesotho,2177740,21457,652,383341,347836,339506,2021-03-10,2021-10-10,90.74,29.5,2.77,2704,71.74,NA,NA,0.99,2.99,18
TLS,Timor-Leste,1413958,19675,119,761656,468339,293317,2021-04-07,2021-10-05,87.04,31.7,3.31,3553,95.06,NA,NA,1.39,0.84,58
BDI,Burundi,12241065,19257,14,NA,NA,NA,NA,NA,27.31,14.1,5.43,752,439.85,NA,NA,0.16,0.01,NA
TJK,Tajikistan,8990874,17484,125,4051071,2386646,1664425,2021-03-24,2021-09-26,69.44,27.7,2.73,3380,62.39,12.398562367864695,7.136842105263173,0.19,0.14,42
CUW,Curaçao,151885,16684,168,188257,98374,89883,2021-02-24,2021-10-08,NA,89.1,0.57,24479,342.08,NA,NA,10.98,11.06,115
MUS,Mauritius,1386129,16291,110,1633952,845164,786438,2021-01-26,2021-09-22,97.22,40.8,0.28,22870,679.48,25.098902821316614,4.628300258843839,1.18,0.79,128
ABW,Aruba,120917,15578,168,157153,81694,75459,2021-02-17,2021-10-08,88.89,43.9,0.77,37500,671.76,NA,NA,12.88,13.89,147
MLI,Mali,20137527,15472,553,418679,173242,245437,2021-03-31,2021-10-08,75,44.7,4.57,2322,16.24,30.174400935125604,7.950450450450444,0.08,0.27,2
AND,Andorra,85645,15291,130,102692,54383,48309,2021-01-20,2021-10-03,65.74,87.9,0.11,49900,183,NA,NA,17.85,15.18,133
COG,Congo,5417414,14833,206,269914,157373,112541,2021-03-23,2021-10-08,97.22,68.3,3.19,3673,15.84,26.127342094107693,8.830087390761541,0.27,0.38,5
BFA,Burkina Faso,21382659,14495,195,297231,273428,208994,2021-06-02,2021-10-09,89.81,31.2,4.75,2178,77.98,29.288714467543475,7.553886010362695,0.07,0.09,1
GUM,Guam,168801,13681,212,228169,125402,112034,2021-01-04,2021-10-04,79.63,95,0.84,35600,310.3,27.682835820895505,5.899748953974861,8.1,12.56,135
DJI,Djibouti,938413,13229,177,66010,40689,26087,2021-03-15,2021-09-18,94.44,78.2,1.56,5535,40.45,NA,NA,1.41,1.89,7
GNQ,Equatorial Guinea,857008,12657,154,403814,232116,171698,2021-02-12,2021-10-07,NA,73.6,3.62,18558,30.55,26.971074380165277,9.324561403508763,1.48,1.8,29
ISL,Iceland,354234,12147,33,554603,281734,276523,2020-12-30,2021-09-30,65.74,93.9,0.74,55874,3.44,NA,NA,3.43,0.93,152
SSD,South Sudan,10984074,12114,130,113013,81061,31952,2021-04-06,2021-10-08,86.11,20.5,4.12,1600,17.05,NA,NA,0.11,0.12,1
LCA,Saint Lucia,166637,11833,215,82051,47238,34813,2021-02-17,2021-10-08,NA,18.9,0.98,15449,270.51,NA,NA,7.1,12.9,45
NIC,Nicaragua,6243931,11739,205,999990,671784,328206,2021-03-02,2021-10-08,24.07,59.3,1.45,5407,47.89,NA,NA,0.19,0.33,15
CAF,Central African Republic,5357984,11401,100,187299,82662,104637,2021-03-19,2021-10-04,75.93,42.6,3.32,945,8.6,25.217520215633368,9.800000000000002,0.21,0.19,4
JEY,Jersey,101476,10169,79,157280,77796,74147,NA,2021-10-03,NA,31,0.68,56600,874.79,NA,NA,10.02,7.79,146
GMB,Gambia,2221301,9941,339,208379,185385,23834,2021-03-10,2021-10-02,83.33,63.2,3.75,2223,196.58,26.024242424242416,12.923214285714286,0.45,1.53,9
BRB,Barbados,301865,9823,85,249944,140159,109785,2021-02-10,2021-10-08,88.89,31.2,0.46,15639,702.01,NA,NA,3.25,2.82,87
YEM,Yemen,30399243,9369,1778,356173,308025,48148,2021-04-20,2021-09-27,64.81,38.5,3.71,2500,57.58,NA,NA,0.03,0.58,1
NCL,New Caledonia,293608,9166,200,251439,152951,98488,2021-01-20,2021-10-02,NA,71.9,1.72,31100,15.81,NA,NA,3.12,6.81,88
BRN,Brunei Darussalam,471103,8980,41,491989,295545,196102,2021-04-03,2021-10-01,79.63,78.6,1.44,62100,81.72,27.590909090909083,12.969444444444454,1.91,0.87,112
IMN,Isle of Man,90895,8073,54,129488,65483,64005,NA,2021-10-08,NA,53.1,0.97,84600,158.91,NA,NA,8.88,5.94,152
ERI,Eritrea,6147398,6741,42,NA,NA,NA,NA,NA,93.52,42,3.67,1600,52.27,NA,NA,0.11,0.07,NA
SLE,Sierra Leone,6807277,6396,121,236465,192558,43907,2021-03-15,2021-10-04,88.89,43.4,3.02,1718,94.89,NA,NA,0.09,0.18,3
GNB,Guinea-Bissau,1976187,6119,141,117768,108632,9139,2021-04-02,2021-10-06,NA,44.6,3.22,1989,54.7,NA,NA,0.31,0.71,6
NER,Niger,23605767,6115,204,646086,429471,216615,2021-03-29,2021-10-10,61.11,16.8,4.72,1225,18.63,30.77065411046064,6.214225941422607,0.03,0.09,3
LBR,Liberia,5214030,5801,286,332800,86497,227222,2021-04-01,2021-10-08,87.96,52.6,3.41,1428,46.82,26.902714932126692,14.5,0.11,0.55,7
GIB,Gibraltar,29516,5626,97,79910,39955,39683,NA,2021-10-08,NA,100,0.45,61700,4216.57,19.15509433962265,2.0168776371308006,19.06,32.86,237
GRD,Grenada,113570,5531,167,62095,35762,26333,2021-02-15,2021-10-08,NA,36.7,0.86,17039,330.15,NA,NA,4.87,14.7,55
SMR,San Marino,34467,5470,91,47028,24877,22151,2021-02-24,2021-10-03,92.59,97.6,0.41,59439,565.03,NA,NA,15.87,26.4,139
BMU,Bermuda,72084,5455,87,87723,44573,43150,2021-01-11,2021-10-08,96.3,100,-0.2,81798,1334.89,22.519475655430682,4.571551724137927,7.57,12.07,141
TCD,Chad,17414108,5061,174,173184,139591,33593,2021-06-04,2021-10-06,88.89,23.8,4.1,1580,13.56,30.128517823639818,9.258467741935487,0.03,0.1,1
SXM,Sint Maarten,44564,4375,68,50118,26059,24059,2021-02-22,2021-10-08,NA,100,1.16,35342,1310.71,NA,NA,9.82,15.26,117
NZL,New Zealand,4991442,4300,28,4635189,3052320,1582869,2021-02-19,2021-09-24,96.3,86.8,0.92,42888,18.57,13.089359092302942,2.834797529169476,0.09,0.06,96
COM,Comoros,864335,4165,147,360675,198577,162098,2021-04-10,2021-10-09,-Inf,29.6,2.97,3060,386.73,NA,NA,0.48,1.7,41
VCT,Saint Vincent and the Grenadines,101145,3965,33,34386,20830,13556,2021-02-01,2021-10-08,NA,53.5,0.94,12485,260.01,NA,NA,3.92,3.26,31
DMA,Dominica,74584,3893,24,48091,26294,21797,2021-02-12,2021-10-08,79.63,71.4,0.84,11917,99.31,NA,NA,5.22,3.22,67
STP,Sao Tome and Principe,213948,3628,56,101065,73554,27511,2021-03-15,2021-10-09,NA,75.1,2.96,3970,221.94,NA,NA,1.7,2.62,46
ATG,Antigua and Barbuda,99175,3581,87,97831,53958,43873,2021-02-19,2021-10-08,NA,24.4,0.87,21910,223.87,NA,NA,3.61,8.77,100
LIE,Liechtenstein,39425,3567,58,46928,24604,22995,NA,2021-10-07,67.59,14.5,1.15,139100,246.41,NA,NA,9.05,14.71,121
MCO,Monaco,31223,3335,35,49980,26672,23308,2021-06-30,2021-09-16,87.96,100,0.5,115700,15611.5,NA,NA,10.68,11.21,127
TCA,Turks and Caicos Islands,57196,2884,23,54417,28305,26112,2021-01-11,2021-10-08,NA,93.8,1.46,29253,60.33,NA,NA,5.04,4.02,141
VGB,British Virgin Islands,37891,2725,37,33075,17607,15468,2021-02-11,2021-10-08,NA,48.9,1.73,34200,250.93,NA,NA,7.19,9.76,109
BTN,Bhutan,857423,2613,3,1083271,584977,498294,2021-03-27,2021-10-03,97.22,43,2.52,11832,22.33,NA,NA,0.3,0.03,140
KNA,Saint Kitts and Nevis,54149,2246,16,48755,25946,22809,2021-02-22,2021-10-08,NA,30.9,1.06,26438,207.47,NA,NA,4.15,2.95,92
GGY,Guernsey,67334,1674,21,102157,NA,NA,NA,2021-10-05,NA,31,0.68,52500,863.26,NA,NA,2.49,3.12,158
FRO,Faroe Islands,51943,1280,2,75360,38647,36713,NA,2021-10-08,60.19,42.6,0.89,40000,37.29,NA,NA,2.46,0.39,154
CYM,Cayman Islands,63131,930,2,108501,55496,52783,2021-01-15,2021-10-08,NA,100,1.13,71549,239.13,28.504545454545454,3.7702586206896522,1.47,0.32,165
GRL,Greenland,57799,623,0,76319,39936,36383,NA,2021-10-08,77.78,87.5,0.41,41800,0.03,-4.153626107977441,2.6064272211720243,1.08,0,134
AIA,Anguilla,18403,499,1,18704,9548,9156,2021-02-05,2021-10-08,NA,100,0.47,12200,202.23,NA,NA,2.71,0.54,125
WLF,Wallis and Futuna,15851,454,7,10843,5679,5164,2021-03-19,2021-10-04,NA,0,0,3800,111.63,27.15692599620492,6.725291828793786,2.86,4.42,96
MNP,Northern Mariana Islands (Commonwealth of the),51659,277,3,69761,35757,34813,2020-12-19,2021-10-01,NA,91.9,0.36,24500,111.33,NA,6.013805970149264,0.54,0.58,121
FLK,Falkland Islands (Malvinas),3198,67,0,4407,2632,1775,NA,2021-04-14,NA,78.9,0.53,70800,0.26,4.911298315163535,1.0926923076923079,2.1,0,127
MSR,Montserrat,5387,40,1,2911,1502,1409,2021-02-08,2021-10-08,NA,9.2,0.94,34000,52.81,NA,NA,0.74,1.86,58
SPM,Saint Pierre and Miquelon,5321,32,0,NA,NA,NA,NA,NA,NA,90,0.75,46200,21.99,7.311363636363635,2.2444015444015415,0.6,0,NA
SLB,Solomon Islands,690598,20,0,130204,104760,25444,2021-03-23,2021-10-01,69.44,25.1,3.57,2663,23.9,27.147588832487347,6.975033738191634,0,0,19
PLW,Palau,21613,8,0,30751,17663,15421,2021-01-03,2021-10-04,NA,81.5,1.59,17579,47.09,NA,9.628975741239879,0.04,0,170
MHL,Marshall Islands,78831,4,0,40634,22784,19952,2020-12-29,2021-10-04,NA,78.2,0.61,3889,435.53,28.196212121212113,7.819742990654154,0.01,0,69
ASM,American Samoa,46366,3,0,62212,34110,28648,2020-12-21,2021-10-04,NA,87.2,0.26,11200,206.99,27.57245762711864,9.630182926829239,0.01,0,113
VUT,Vanuatu,303009,3,0,73730,49639,24105,2021-06-02,2021-09-26,83.33,25.7,2.55,3153,24.86,25.72751729438894,9.02648125755745,0,0,24
WSM,Samoa,204898,1,0,176543,114739,61804,2021-04-18,2021-10-03,NA,17.7,-0.03,6521,72.38,NA,NA,0,0,89
COK,Cook Islands,8327,0,0,21761,11416,10345,2021-05-17,2021-08-03,NA,75.7,0.52,16700,35.28,25.08863636363636,5.332142857142854,0,0,124
PRK,Democratic People's Republic of Korea,25831360,0,0,NA,NA,NA,NA,NA,NA,62.6,0.85,1700,214.3,12.221049783549784,12.882867132867144,0,0,NA
KIR,Kiribati,113001,0,0,51428,43044,8384,2021-05-26,2021-10-01,56.94,56.3,2.77,2272,139.34,28.18295454545456,3.4441406249999935,0,0,43
FSM,Micronesia (Federated States of),101675,0,0,72384,44932,39076,2021-01-13,2021-10-04,NA,23.1,1.52,3464,144.84,27.506609808102343,11.564044463446232,0,0,63
NRU,Nauru,9770,0,0,14790,7612,7178,2021-04-09,2021-08-20,NA,100,0.18,11583,465.24,NA,NA,0,0,137
NIU,Niue,2000,0,0,2352,1202,1150,2021-06-08,2021-08-02,NA,46.9,1.43,5800,7.69,NA,NA,0,0,145
SHN,Saint Helena,7915,0,0,7892,4361,3531,NA,2021-05-05,NA,40.3,0.98,7800,20.09,NA,NA,0,0,130
TKL,Tokelau,1647,0,0,1936,968,968,2021-07-20,2021-09-28,NA,0,0,6004,137.25,NA,NA,0,0,143
TON,Tonga,105780,0,0,74503,46985,27518,2021-04-14,2021-09-22,93.52,23.1,0.99,6383,141.61,NA,NA,0,0,70
TKM,Turkmenistan,5579889,0,0,41993,32240,9753,2021-02-24,2021-04-04,73.15,53,2.23,14845,11.43,21.12622195512817,1.6464183381088817,0,0,1
TUV,Tuvalu,11448,0,0,10861,6209,4652,2021-04-13,2021-09-10,NA,64.8,2.08,4281,440.31,28.781395348837222,7.330662020905931,0,0,92
