name,iso3c
Country,
Australia,AUS
Austria,AUT
Belgium,BEL
Canada,CAN
Chile,CHL
Colombia,COL
Costa Rica,CRI
Czech Republic,CZE
Denmark,DNK
Estonia,EST
Finland,FIN
France,FRA
Germany,DEU
Greece,GRC
Hungary,HUN
Iceland,ISL
Ireland,IRL
Israel,ISR
Italy,ITA
Japan,JPN
Korea,KOR
Latvia,LVA
Lithuania,LTU
Luxembourg,LUX
Mexico,MEX
Netherlands,NLD
New Zealand,NZL
Norway,NOR
Poland,POL
Portugal,PRT
Slovak Republic,SVK
Slovenia,SVN
Spain,ESP
Sweden,SWE
Switzerland,CHE
Turkey,TUR
United Kingdom,GBR
United States,USA
Country,
Country,
Brazil,BRA
China,CHN
India,IND
Indonesia,IDN
South Africa,ZAF
Region,
Africa,AFR
Eurasia,
Latin America,
Middle East and North Africa,
Southeast Asia,
South East Europe,
